Meta Mode,yakindumm
Number of Edge types,6
Number Of Nodes,88
OutDegreeValue,1,2,3,4,5,6,7,8,9,10
OutDegreeCount,5,56,14,2,2,1,3,2,1,2
NAValue,1,2,3,4,5,6
NACount,1,4,5,55,20,3
MPCValue,0.00000,0.21600,0.26250,0.38400,0.80000,0.88533,0.88889,0.90000,0.91349,0.92517,0.93061,0.93223,0.93600,0.93728,1.00000
MPCCount,1,1,2,1,5,1,1,55,2,2,12,1,1,1,2
