Meta Mode,yakindumm
Number of Edge types,6
Number Of Nodes,76
OutDegreeValue,1,2,3,4,5,6,7,8,10,11
OutDegreeCount,4,48,13,1,1,2,2,3,1,1
NAValue,1,2,3,4,5,6
NACount,1,2,4,48,19,2
MPCValue,0.00000,0.18333,0.19835,0.80000,0.85289,0.90000,0.90888,0.91349,0.92800,0.93061,0.93728,1.00000
MPCCount,1,1,1,4,1,48,1,3,2,11,1,2
