Meta Mode,yakindumm
Number of Edge types,5
Number Of Nodes,109
OutDegreeValue,1,2,3,5,6,7,9,13,19,30
OutDegreeCount,1,78,17,2,2,4,1,2,1,1
NAValue,1,3,4,5
NACount,1,1,78,29
MPCValue,0.00000,0.83333,0.85306,0.93750,0.95679,0.96260,0.96667,0.96939,0.97107,0.97633
MPCCount,1,1,1,78,2,1,4,17,2,2
