Meta Mode,yakindumm
Number of Edge types,6
Number Of Nodes,81
OutDegreeValue,1,2,3,4,5,6,7,8,9,13
OutDegreeCount,5,51,12,3,2,1,1,3,2,1
NAValue,1,2,3,4,5,6
NACount,1,2,5,51,20,2
MPCValue,0.00000,0.15918,0.21600,0.80000,0.88533,0.88889,0.89751,0.90000,0.90888,0.91349,0.93061,0.93600,0.97500
MPCCount,1,1,1,5,1,2,1,51,1,3,12,1,1
