Meta Mode,yakindumm
Number of Edge types,6
Number Of Nodes,81
OutDegreeValue,1,2,3,5,6,7,10,11,15
OutDegreeCount,4,53,15,1,1,1,4,1,1
NAValue,1,2,3,4,5,6
NACount,1,1,4,53,21,1
MPCValue,0.00000,0.18333,0.80000,0.88533,0.90000,0.90888,0.91429,0.93061,0.93223,1.00000
MPCCount,1,1,4,1,53,1,4,14,1,1
