Meta Mode,yakindumm
Number of Edge types,6
Number Of Nodes,59
OutDegreeValue,1,2,3,4,5,6,10,11
OutDegreeCount,5,41,3,3,1,2,3,1
NAValue,1,2,3,4,5,6
NACount,1,4,6,36,8,4
MPCValue,0.00000,0.29388,0.33333,0.53333,0.76800,0.80000,0.90000,0.92098,0.92517,0.93061,0.93728,0.96000,0.97500,1.00000
MPCCount,1,1,1,2,1,5,36,1,3,1,1,2,3,1
