Meta Mode,yakindumm
Number of Edge types,6
Number Of Nodes,97
OutDegreeValue,1,2,3,4,6,8,9,10,14
OutDegreeCount,3,68,2,13,1,2,3,4,1
NAValue,1,2,3,4,5
NACount,1,4,1,68,23
MPCValue,0.00000,0.14933,0.21600,0.60000,0.80000,0.84432,0.86367,0.88163,0.88889,0.90000,0.92410,0.93010,0.93061,0.93728
MPCCount,1,1,1,2,1,1,1,4,13,68,1,1,1,1
