Meta Mode,yakindumm
Number of Edge types,6
Number Of Nodes,59
OutDegreeValue,1,2,3,4,5,6,7,8,10
OutDegreeCount,5,38,4,2,1,5,1,2,1
NAValue,1,2,3,4,5,6
NACount,1,2,6,37,11,2
MPCValue,0.00000,0.23704,0.33333,0.76800,0.80000,0.88889,0.90000,0.91349,0.91429,0.92800,0.93061,0.93728,1.00000
MPCCount,1,1,1,1,5,2,37,1,1,1,2,4,2
