Meta Mode,yakindumm
Number of Edge types,6
Number Of Nodes,67
OutDegreeValue,1,2,3,5,7,9,10,11,12
OutDegreeCount,4,49,2,3,2,2,1,3,1
NAValue,1,2,3,4,5,6
NACount,1,1,5,48,11,1
MPCValue,0.00000,0.26250,0.76800,0.80000,0.90000,0.92098,0.92160,0.92410,0.93061,0.93223,1.00000
MPCCount,1,1,1,5,48,3,1,2,1,3,1
