Meta Mode,yakindumm
Number of Edge types,5
Number Of Nodes,100
OutDegreeValue,1,2,3,4,6,8,9,10,12,31
OutDegreeCount,1,68,20,2,2,3,1,1,1,1
NAValue,1,3,4,5
NACount,1,1,68,30
MPCValue,0.00000,0.83200,0.83333,0.93750,0.95156,0.95238,0.96260,0.96939,0.97633,0.98765
MPCCount,1,1,1,68,3,1,1,20,2,2
