Meta Mode,yakindumm
Number of Edge types,6
Number Of Nodes,88
OutDegreeValue,1,2,3,4,6,8,9,10
OutDegreeCount,10,52,13,6,1,2,2,2
NAValue,1,2,3,4,5,6
NACount,1,7,10,51,13,6
MPCValue,0.00000,0.29388,0.38400,0.45000,0.80000,0.90000,0.91349,0.92410,0.92517,0.93061,0.96000,0.97500,1.00000
MPCCount,1,1,3,3,10,51,2,2,2,6,1,3,3
