Meta Mode,yakindumm
Number of Edge types,6
Number Of Nodes,92
OutDegreeValue,1,2,3,4,5,6,7,8,10
OutDegreeCount,7,57,8,12,3,1,1,2,1
NAValue,1,2,3,4,5,6
NACount,1,6,8,53,19,5
MPCValue,0.00000,0.19835,0.29388,0.38400,0.45000,0.76800,0.80000,0.88889,0.90000,0.91349,0.92800,0.93061,0.94815,0.96000,0.97500,0.98400,1.00000
MPCCount,1,1,1,3,1,1,7,3,53,2,1,6,5,2,1,3,1
