Meta Mode,yakindumm
Number of Edge types,6
Number Of Nodes,86
OutDegreeValue,1,2,3,5,7,8,10,11,16
OutDegreeCount,4,58,14,1,2,1,4,1,1
NAValue,1,2,3,4,5,6
NACount,1,1,5,57,21,1
MPCValue,0.00000,0.18333,0.76800,0.80000,0.90000,0.91429,0.92800,0.93010,0.93061,0.93223,1.00000
MPCCount,1,1,1,4,57,4,2,1,13,1,1
