Meta Mode,yakindumm
Number of Edge types,6
Number Of Nodes,99
OutDegreeValue,1,2,3,4,7,8,14,15
OutDegreeCount,4,65,19,3,2,4,1,1
NAValue,1,2,3,4,5,6
NACount,1,3,6,61,26,2
MPCValue,0.00000,0.14062,0.14933,0.45000,0.76800,0.80000,0.86667,0.90000,0.91349,0.92800,0.93061,0.94815,0.96000,1.00000
MPCCount,1,1,1,1,2,4,1,60,4,2,14,3,3,2
