Meta Mode,yakindumm
Number of Edge types,6
Number Of Nodes,66
OutDegreeValue,1,2,3,4,5,8,9,10,14
OutDegreeCount,4,46,7,2,1,2,2,1,1
NAValue,1,2,3,4,5,6
NACount,1,1,4,41,18,1
MPCValue,0.00000,0.14933,0.80000,0.90000,0.91349,0.91429,0.92410,0.93010,0.93061,0.93223,0.94815,0.96000,1.00000
MPCCount,1,1,4,41,1,1,1,1,6,1,2,5,1
