Meta Mode,yakindumm
Number of Edge types,6
Number Of Nodes,67
OutDegreeValue,1,2,3,6,7,8,9,10
OutDegreeCount,4,43,12,1,3,1,2,1
NAValue,1,2,3,4,5
NACount,1,3,5,44,14
MPCValue,0.00000,0.19835,0.29388,0.45000,0.76800,0.80000,0.86367,0.86667,0.90000,0.92410,0.92800,0.93061
MPCCount,1,1,1,1,1,4,1,2,42,2,3,8
