Meta Mode,yakindumm
Number of Edge types,6
Number Of Nodes,67
OutDegreeValue,1,2,3,4,6,7,8,13
OutDegreeCount,5,44,7,3,1,1,5,1
NAValue,1,2,3,4,5,6
NACount,1,2,5,42,15,2
MPCValue,0.00000,0.15918,0.29388,0.80000,0.90000,0.91349,0.92800,0.93010,0.93061,0.94815,0.96000,0.97500,1.00000
MPCCount,1,1,1,5,42,1,1,4,5,2,2,1,1
