Meta Mode,yakindumm
Number of Edge types,5
Number Of Nodes,81
OutDegreeValue,1,2,3,4,5,9,11,15,16,21
OutDegreeCount,1,59,10,2,2,3,1,1,1,1
NAValue,1,3,4,5
NACount,1,1,59,20
MPCValue,0.00000,0.83333,0.88154,0.93750,0.94433,0.95936,0.96260,0.96939,0.97107,0.98765
MPCCount,1,1,1,59,1,1,3,10,2,2
