Meta Mode,yakindumm
Number of Edge types,6
Number Of Nodes,116
OutDegreeValue,1,2,3,4,5,6,7,8,10
OutDegreeCount,10,67,16,11,3,2,5,1,1
NAValue,1,2,3,4,5,6
NACount,1,7,10,67,24,7
MPCValue,0.00000,0.19835,0.26250,0.38400,0.78062,0.80000,0.88533,0.90000,0.90888,0.93061,0.93223,0.93600,0.97500,1.00000
MPCCount,1,1,1,5,1,10,4,67,2,15,2,1,5,1
