Meta Mode,yakindumm
Number of Edge types,6
Number Of Nodes,85
OutDegreeValue,1,2,3,4,5,6,7,8,9,10,18
OutDegreeCount,3,58,12,1,2,3,1,1,1,2,1
NAValue,1,2,3,4,5,6
NACount,1,2,5,56,20,1
MPCValue,0.00000,0.11967,0.33333,0.76800,0.80000,0.90000,0.90888,0.91429,0.92410,0.92800,0.93010,0.93061,0.93223,0.93728,1.00000
MPCCount,1,1,1,2,3,56,1,2,1,1,1,11,1,2,1
