Meta Mode,yakindumm
Number of Edge types,6
Number Of Nodes,108
OutDegreeValue,1,2,3,4,5,6,7,8,9,13
OutDegreeCount,4,71,14,4,4,3,1,5,1,1
NAValue,1,2,3,4,5,6
NACount,1,3,6,68,27,3
MPCValue,0.00000,0.15918,0.23704,0.76800,0.80000,0.88889,0.89751,0.90000,0.91349,0.93061,0.93223,0.93600,0.93728,0.96000
MPCCount,1,1,2,2,4,4,1,69,3,14,2,2,2,1
