Meta Mode,yakindumm
Number of Edge types,5
Number Of Nodes,81
OutDegreeValue,1,2,3,4,5,6,9,11,25
OutDegreeCount,1,55,11,6,1,3,2,1,1
NAValue,1,3,4,5
NACount,1,1,55,24
MPCValue,0.00000,0.83333,0.85799,0.92593,0.93750,0.94045,0.94675,0.96260,0.96939,0.97107,0.98765
MPCCount,1,1,1,2,55,1,2,2,11,1,4
