Meta Mode,yakindumm
Number of Edge types,6
Number Of Nodes,81
OutDegreeValue,1,2,3,4,8,9,11,13
OutDegreeCount,5,53,12,3,4,2,1,1
NAValue,1,2,3,4,5,6
NACount,1,2,5,51,20,2
MPCValue,0.00000,0.15918,0.18333,0.80000,0.89751,0.90000,0.91349,0.92410,0.93010,0.93061,0.94815,0.96000,0.97500,1.00000
MPCCount,1,1,1,5,1,51,3,1,1,10,2,2,1,1
