Meta Mode,yakindumm
Number of Edge types,6
Number Of Nodes,83
OutDegreeValue,1,2,3,4,5,7,8,10,12,13
OutDegreeCount,5,53,16,1,1,1,1,3,1,1
NAValue,1,2,3,4,5,6
NACount,1,2,5,52,22,1
MPCValue,0.00000,0.15918,0.45000,0.80000,0.90000,0.91349,0.91429,0.92800,0.93061,0.93223,0.96000,0.97959
MPCCount,1,1,1,5,52,1,3,1,15,1,1,1
