Meta Mode,yakindumm
Number of Edge types,6
Number Of Nodes,114
OutDegreeValue,1,2,3,4,5,6,7,8,10
OutDegreeCount,11,66,19,7,1,3,4,2,1
NAValue,1,2,3,4,5,6
NACount,1,7,11,64,24,7
MPCValue,0.00000,0.19835,0.29388,0.33333,0.45000,0.53333,0.80000,0.88533,0.90000,0.91349,0.93061,0.94286,0.94815,0.96000,1.00000
MPCCount,1,1,3,1,1,1,11,3,64,2,12,1,6,1,6
