Meta Mode,yakindumm
Number of Edge types,6
Number Of Nodes,67
OutDegreeValue,1,2,3,4,5,7,8,12
OutDegreeCount,3,45,7,3,2,1,5,1
NAValue,1,2,3,4,5,6
NACount,1,2,4,44,15,1
MPCValue,0.00000,0.17041,0.33333,0.76800,0.80000,0.90000,0.91349,0.92800,0.93010,0.93061,0.93223,0.94815,1.00000
MPCCount,1,1,1,1,3,44,1,1,4,6,1,2,1
