Meta Mode,yakindumm
Number of Edge types,5
Number Of Nodes,90
OutDegreeValue,1,2,3,7,8,10,11,12,13,22
OutDegreeCount,1,67,11,1,3,2,1,1,2,1
NAValue,1,3,4,5
NACount,1,1,67,21
MPCValue,0.00000,0.83333,0.92800,0.93750,0.94045,0.95238,0.95679,0.96667,0.96886,0.96939
MPCCount,1,1,1,67,1,2,2,1,3,11
