Meta Mode,yakindumm
Number of Edge types,6
Number Of Nodes,81
OutDegreeValue,1,2,3,4,6,7,8,10,14
OutDegreeCount,6,51,13,2,2,1,4,1,1
NAValue,1,2,3,4,5,6
NACount,1,2,7,50,19,2
MPCValue,0.00000,0.14933,0.19835,0.76800,0.80000,0.90000,0.90888,0.91349,0.92800,0.93061,0.93728,0.97500,1.00000
MPCCount,1,1,1,1,6,50,1,4,1,12,1,1,1
