Meta Mode,yakindumm
Number of Edge types,6
Number Of Nodes,29
OutDegreeValue,0,1,2,3,4,5,8,9
OutDegreeCount,1,2,18,2,2,2,1,1
NAValue,1,2,3,4,5,6
NACount,2,1,3,17,5,1
MPCValue,0.00000,0.60000,0.73469,0.76800,0.80000,0.85289,0.88889,0.90000,0.93010,0.93061,0.93600,0.94815
MPCCount,2,1,1,1,1,1,1,17,1,1,1,1
